NOMBRE,Municipio,Descripcion Tipo Rnt,Categoria,TIPO DE ESTABLECIMIENTO,Estado Rnt,TOTAL
HAMBURGUESAS EL CORRAL SUCURSAL PARQUE ARBOLEDA,PEREIRA,ESTABLECIMIENTO,ESTABLECIMIENTO DE GASTRONOMÍA Y SIMILARES,BAR Y RESTAURANTE,ACTIVO,1
FRISBY G83,PEREIRA,ESTABLECIMIENTO,ESTABLECIMIENTO DE GASTRONOMÍA Y SIMILARES,BAR Y RESTAURANTE,ACTIVO,1
SARKU K11,PEREIRA,ESTABLECIMIENTO,ESTABLECIMIENTO DE GASTRONOMÍA Y SIMILARES,RESTAURANTE,ACTIVO,1
SARKU K09,PEREIRA,ESTABLECIMIENTO,ESTABLECIMIENTO DE GASTRONOMÍA Y SIMILARES,RESTAURANTE,ACTIVO,1
BARRA PEI AEROP MATECAÑA,PEREIRA,ESTABLECIMIENTO,ESTABLECIMIENTO DE GASTRONOMÍA Y SIMILARES,RESTAURANTE,ACTIVO,1
SAYONARA NO. 2 CIRCUNVALAR,PEREIRA,ESTABLECIMIENTO,ESTABLECIMIENTO DE GASTRONOMÍA Y SIMILARES,RESTAURANTE,ACTIVO,1
SAYONARA N. 6 ARBOLEDA,PEREIRA,ESTABLECIMIENTO,ESTABLECIMIENTO DE GASTRONOMÍA Y SIMILARES,RESTAURANTE,ACTIVO,1
SAYONARA NO. 4 PEREIRA PLAZA,PEREIRA,ESTABLECIMIENTO,ESTABLECIMIENTO DE GASTRONOMÍA Y SIMILARES,RESTAURANTE,ACTIVO,1
FRISBY G90,PEREIRA,ESTABLECIMIENTO,ESTABLECIMIENTO DE GASTRONOMÍA Y SIMILARES,RESTAURANTE,ACTIVO,1
SAYONARA NO. 3 VICTORIA,PEREIRA,ESTABLECIMIENTO,ESTABLECIMIENTO DE GASTRONOMÍA Y SIMILARES,RESTAURANTE,ACTIVO,1
LA BODEGA BBC ARBOLEDA,PEREIRA,ESTABLECIMIENTO,ESTABLECIMIENTO DE GASTRONOMÍA Y SIMILARES,BAR Y RESTAURANTE,ACTIVO,1
CREPES Y WAFFLES VICTORIA,PEREIRA,ESTABLECIMIENTO,ESTABLECIMIENTO DE GASTRONOMÍA Y SIMILARES,RESTAURANTE,ACTIVO,1
CREPES Y WAFFLES ARBOLEDA,PEREIRA,ESTABLECIMIENTO,ESTABLECIMIENTO DE GASTRONOMÍA Y SIMILARES,RESTAURANTE,ACTIVO,1
PASTELERIA LUCERNA UNICENTRO,PEREIRA,ESTABLECIMIENTO,ESTABLECIMIENTO DE GASTRONOMÍA Y SIMILARES,RESTAURANTE,ACTIVO,1
FRISBY NO.40,PEREIRA,ESTABLECIMIENTO,ESTABLECIMIENTO DE GASTRONOMÍA Y SIMILARES,RESTAURANTE,ACTIVO,1
PASTELERIA LUCERNA,PEREIRA,ESTABLECIMIENTO,ESTABLECIMIENTO DE GASTRONOMÍA Y SIMILARES,RESTAURANTE,ACTIVO,1
KOKORIKO PEREIRA EL LAGO,PEREIRA,ESTABLECIMIENTO,ESTABLECIMIENTO DE GASTRONOMÍA Y SIMILARES,RESTAURANTE,ACTIVO,1
FRISBY Q48,PEREIRA,ESTABLECIMIENTO,ESTABLECIMIENTO DE GASTRONOMÍA Y SIMILARES,RESTAURANTE,ACTIVO,1
FRISBY ARBOLEDA,PEREIRA,ESTABLECIMIENTO,ESTABLECIMIENTO DE GASTRONOMÍA Y SIMILARES,RESTAURANTE,ACTIVO,1
DON JEDIONDO SOPITAS Y PARRILLA S A S,PEREIRA,ESTABLECIMIENTO,ESTABLECIMIENTO DE GASTRONOMÍA Y SIMILARES,RESTAURANTE,ACTIVO,1
MC DONALD`S CIRCUNVALAR PEREIRA,PEREIRA,ESTABLECIMIENTO,ESTABLECIMIENTO DE GASTRONOMÍA Y SIMILARES,RESTAURANTE,ACTIVO,1
MC DONALD`S ARBOLEDA,PEREIRA,ESTABLECIMIENTO,ESTABLECIMIENTO DE GASTRONOMÍA Y SIMILARES,RESTAURANTE,ACTIVO,1
ARCHIE`S ARBOLEDA,PEREIRA,ESTABLECIMIENTO,ESTABLECIMIENTO DE GASTRONOMÍA Y SIMILARES,BAR Y RESTAURANTE,ACTIVO,1
HAMBURGUESAS EL CORRAL SUCURSAL PARQUE ARBOLEDA,PEREIRA,ESTABLECIMIENTO,ESTABLECIMIENTO DE GASTRONOMÍA Y SIMILARES,RESTAURANTE,ACTIVO,1
FRISBY NO.44,PEREIRA,ESTABLECIMIENTO,ESTABLECIMIENTO DE GASTRONOMÍA Y SIMILARES,RESTAURANTE,ACTIVO,1
FRISBY NO.1,PEREIRA,ESTABLECIMIENTO,ESTABLECIMIENTO DE GASTRONOMÍA Y SIMILARES,RESTAURANTE,ACTIVO,1
PIZZAS PICCOLO CIRCUNVALAR,PEREIRA,ESTABLECIMIENTO,ESTABLECIMIENTO DE GASTRONOMÍA Y SIMILARES,RESTAURANTE,ACTIVO,1
G GRAJALES AUTOSERVICIO PLAZA BOLIVAR,PEREIRA,ESTABLECIMIENTO,ESTABLECIMIENTO DE GASTRONOMÍA Y SIMILARES,RESTAURANTE,ACTIVO,1
G. GRAJALES AUTOSERVICIOS PRINCIPAL,PEREIRA,ESTABLECIMIENTO,ESTABLECIMIENTO DE GASTRONOMÍA Y SIMILARES,RESTAURANTE,ACTIVO,1
HOTEL IMPERIO LA 16,PEREIRA,ESTABLECIMIENTO,ESTABLECIMIENTOS DE ALOJAMIENTO TURÍSTICO,HOTEL,ACTIVO,1
DAM HOTEL PEREIRA,PEREIRA,ESTABLECIMIENTO,ESTABLECIMIENTOS DE ALOJAMIENTO TURÍSTICO,HOTEL,ACTIVO,1
HOTEL EJECUTIVO,PEREIRA,ESTABLECIMIENTO,ESTABLECIMIENTOS DE ALOJAMIENTO TURÍSTICO,HOTEL,ACTIVO,1
HOTEL CUMANDAY (PEREIRA),PEREIRA,ESTABLECIMIENTO,ESTABLECIMIENTOS DE ALOJAMIENTO TURÍSTICO,HOTEL,ACTIVO,1
HOTEL MANANTIAL RESORT Y CENTRO DE CONVENCIONES,PEREIRA,ESTABLECIMIENTO,ESTABLECIMIENTOS DE ALOJAMIENTO TURÍSTICO,HOTEL,ACTIVO,1
CASA RURAL BENELUX,PEREIRA,ESTABLECIMIENTO,ESTABLECIMIENTOS DE ALOJAMIENTO TURÍSTICO,HOTEL,ACTIVO,1
BEE HOTEL,PEREIRA,ESTABLECIMIENTO,ESTABLECIMIENTOS DE ALOJAMIENTO TURÍSTICO,HOTEL,ACTIVO,1
HOTEL CASTELLON PLAZA,PEREIRA,ESTABLECIMIENTO,ESTABLECIMIENTOS DE ALOJAMIENTO TURÍSTICO,HOTEL,ACTIVO,1
FINCA JUANCHITO,PEREIRA,ESTABLECIMIENTO,ESTABLECIMIENTOS DE ALOJAMIENTO TURÍSTICO,HOSTAL,ACTIVO,1
HOTEL GOLDEN SUITE,PEREIRA,ESTABLECIMIENTO,ESTABLECIMIENTOS DE ALOJAMIENTO TURÍSTICO,HOTEL,ACTIVO,1
ECOHOTEL BARRANQUERO,PEREIRA,ESTABLECIMIENTO,ESTABLECIMIENTOS DE ALOJAMIENTO TURÍSTICO,HOTEL,ACTIVO,1
HOTEL LA COSECHA DEL CAFE,PEREIRA,ESTABLECIMIENTO,ESTABLECIMIENTOS DE ALOJAMIENTO TURÍSTICO,HOTEL,ACTIVO,1
CASA BRISA DE MONTOÑA,PEREIRA,ESTABLECIMIENTO,ESTABLECIMIENTOS DE ALOJAMIENTO TURÍSTICO,HOTEL,ACTIVO,1
HOTEL DOÑA MERY,PEREIRA,ESTABLECIMIENTO,ESTABLECIMIENTOS DE ALOJAMIENTO TURÍSTICO,HOTEL,ACTIVO,1
HOTEL SAN JOAQUIN PLAZA,PEREIRA,ESTABLECIMIENTO,ESTABLECIMIENTOS DE ALOJAMIENTO TURÍSTICO,HOTEL,ACTIVO,1
HOTEL EL CABLE,PEREIRA,ESTABLECIMIENTO,ESTABLECIMIENTOS DE ALOJAMIENTO TURÍSTICO,HOTEL,ACTIVO,1
HOTEL EJE DEL CAFÉ,PEREIRA,ESTABLECIMIENTO,ESTABLECIMIENTOS DE ALOJAMIENTO TURÍSTICO,HOTEL,ACTIVO,1
HOTEL PEREIRA EMPRESARIAL,PEREIRA,ESTABLECIMIENTO,ESTABLECIMIENTOS DE ALOJAMIENTO TURÍSTICO,HOTEL,ACTIVO,1
HOTEL SAN MATHEWS,PEREIRA,ESTABLECIMIENTO,ESTABLECIMIENTOS DE ALOJAMIENTO TURÍSTICO,HOTEL,ACTIVO,1
HOTEL & CLUB MONACO,PEREIRA,ESTABLECIMIENTO,ESTABLECIMIENTOS DE ALOJAMIENTO TURÍSTICO,HOTEL,ACTIVO,1
HOTEL PARADISE,PEREIRA,ESTABLECIMIENTO,ESTABLECIMIENTOS DE ALOJAMIENTO TURÍSTICO,HOTEL,ACTIVO,1
HOTEL Y CENTRO EJECUTIVO MEDITERRANEE PEREIRA,PEREIRA,ESTABLECIMIENTO,ESTABLECIMIENTOS DE ALOJAMIENTO TURÍSTICO,HOTEL,ACTIVO,1
APARTAHOTEL 2 22,PEREIRA,ESTABLECIMIENTO,ESTABLECIMIENTOS DE ALOJAMIENTO TURÍSTICO,APARTAHOTEL,ACTIVO,1
HOTEL EJE CAFETERO,PEREIRA,ESTABLECIMIENTO,ESTABLECIMIENTOS DE ALOJAMIENTO TURÍSTICO,HOTEL,ACTIVO,1
GO HOTELES SAS,PEREIRA,ESTABLECIMIENTO,ESTABLECIMIENTOS DE ALOJAMIENTO TURÍSTICO,HOTEL,ACTIVO,1
HOTEL DUBAY,PEREIRA,ESTABLECIMIENTO,ESTABLECIMIENTOS DE ALOJAMIENTO TURÍSTICO,HOTEL,ACTIVO,1
NOGAL HOSTEL,PEREIRA,ESTABLECIMIENTO,ESTABLECIMIENTOS DE ALOJAMIENTO TURÍSTICO,APARTAHOTEL,ACTIVO,1
HOTEL Z3,PEREIRA,ESTABLECIMIENTO,ESTABLECIMIENTOS DE ALOJAMIENTO TURÍSTICO,HOTEL,ACTIVO,1
RESERVA NATURAL GUADALUPE,PEREIRA,ESTABLECIMIENTO,ESTABLECIMIENTOS DE ALOJAMIENTO TURÍSTICO,CAMPAMENTO,ACTIVO,1
COTINGA HOTEL SPA,PEREIRA,ESTABLECIMIENTO,ESTABLECIMIENTOS DE ALOJAMIENTO TURÍSTICO,HOTEL,ACTIVO,1
HOTEL CATALINA PLAZA,PEREIRA,ESTABLECIMIENTO,ESTABLECIMIENTOS DE ALOJAMIENTO TURÍSTICO,HOTEL,ACTIVO,1
AXO - HOTEL,PEREIRA,ESTABLECIMIENTO,ESTABLECIMIENTOS DE ALOJAMIENTO TURÍSTICO,HOTEL,ACTIVO,1
HOTEL EMPIRE,PEREIRA,ESTABLECIMIENTO,ESTABLECIMIENTOS DE ALOJAMIENTO TURÍSTICO,HOTEL,ACTIVO,1
KAPITAL SUITES,PEREIRA,ESTABLECIMIENTO,ESTABLECIMIENTOS DE ALOJAMIENTO TURÍSTICO,APARTAHOTEL,ACTIVO,1
ALBORE HOSTEL PEREIRA,PEREIRA,ESTABLECIMIENTO,ESTABLECIMIENTOS DE ALOJAMIENTO TURÍSTICO,HOTEL,ACTIVO,1
MEGA - HOTEL,PEREIRA,ESTABLECIMIENTO,ESTABLECIMIENTOS DE ALOJAMIENTO TURÍSTICO,HOTEL,ACTIVO,1
HOTEL DON CAMILO PEREIRA,PEREIRA,ESTABLECIMIENTO,ESTABLECIMIENTOS DE ALOJAMIENTO TURÍSTICO,HOTEL,ACTIVO,1
ECOHOTEL FINCA VILLA MARIELA VEREDA LA SIRIA,PEREIRA,ESTABLECIMIENTO,ESTABLECIMIENTOS DE ALOJAMIENTO TURÍSTICO,APARTAHOTEL,ACTIVO,1
HOTEL GRAND PALACE,PEREIRA,ESTABLECIMIENTO,ESTABLECIMIENTOS DE ALOJAMIENTO TURÍSTICO,HOTEL,ACTIVO,1
ECOHOTEL TEOCALLI,PEREIRA,ESTABLECIMIENTO,ESTABLECIMIENTOS DE ALOJAMIENTO TURÍSTICO,HOTEL,ACTIVO,1
HOTEL MEDELLIN RA,PEREIRA,ESTABLECIMIENTO,ESTABLECIMIENTOS DE ALOJAMIENTO TURÍSTICO,HOSTAL,ACTIVO,1
OTUN PLAZA,PEREIRA,ESTABLECIMIENTO,ESTABLECIMIENTOS DE ALOJAMIENTO TURÍSTICO,HOTEL,ACTIVO,1
HOTEL CAMPESTRE TRIBUNAS DEL VIENTO,PEREIRA,ESTABLECIMIENTO,ESTABLECIMIENTOS DE ALOJAMIENTO TURÍSTICO,HOTEL,ACTIVO,1
HOTEL ROSALES GOLD,PEREIRA,ESTABLECIMIENTO,ESTABLECIMIENTOS DE ALOJAMIENTO TURÍSTICO,HOTEL,ACTIVO,1
HOTEL H. B.,PEREIRA,ESTABLECIMIENTO,ESTABLECIMIENTOS DE ALOJAMIENTO TURÍSTICO,HOTEL,ACTIVO,1
ECOTERMALES SAN VICENTE,PEREIRA,ESTABLECIMIENTO,ESTABLECIMIENTOS DE ALOJAMIENTO TURÍSTICO,CENTRO VACACIONAL,ACTIVO,1
HOTEL DON PANCHO,PEREIRA,ESTABLECIMIENTO,ESTABLECIMIENTOS DE ALOJAMIENTO TURÍSTICO,HOTEL,ACTIVO,1
COMBIA MOUNTAIN COFFEE,PEREIRA,ESTABLECIMIENTO,ESTABLECIMIENTOS DE ALOJAMIENTO TURÍSTICO,HOSTAL,ACTIVO,1
HOTEL ALCUARA,PEREIRA,ESTABLECIMIENTO,ESTABLECIMIENTOS DE ALOJAMIENTO TURÍSTICO,HOTEL,ACTIVO,1
HOTEL SAJONIA,PEREIRA,ESTABLECIMIENTO,ESTABLECIMIENTOS DE ALOJAMIENTO TURÍSTICO,HOTEL,ACTIVO,1
HOSPEDAJE GOLDEN,PEREIRA,ESTABLECIMIENTO,ESTABLECIMIENTOS DE ALOJAMIENTO TURÍSTICO,HOSTAL,ACTIVO,1
HOSPEDAJE SAN CARLOS,PEREIRA,ESTABLECIMIENTO,ESTABLECIMIENTOS DE ALOJAMIENTO TURÍSTICO,HOTEL,ACTIVO,1
HOTEL CARRIQUI,PEREIRA,ESTABLECIMIENTO,ESTABLECIMIENTOS DE ALOJAMIENTO TURÍSTICO,HOTEL,ACTIVO,1
SANTORINI APARTAMENTOS AMOBLADOS,PEREIRA,ESTABLECIMIENTO,ESTABLECIMIENTOS DE ALOJAMIENTO TURÍSTICO,APARTAHOTEL,ACTIVO,1
ALOJAMIENTO Y EVENTOS SANTA ISABEL,PEREIRA,ESTABLECIMIENTO,ESTABLECIMIENTOS DE ALOJAMIENTO TURÍSTICO,HOTEL,ACTIVO,1
HOTEL ALAMOS DEL PARQUE,PEREIRA,ESTABLECIMIENTO,ESTABLECIMIENTOS DE ALOJAMIENTO TURÍSTICO,HOTEL,ACTIVO,1
HOTEL EL LAGO NO 1,PEREIRA,ESTABLECIMIENTO,ESTABLECIMIENTOS DE ALOJAMIENTO TURÍSTICO,HOTEL,ACTIVO,1
HOTEL PEREIRA 4/21,PEREIRA,ESTABLECIMIENTO,ESTABLECIMIENTOS DE ALOJAMIENTO TURÍSTICO,HOTEL,ACTIVO,1
LUMA PLAZA HOTEL,PEREIRA,ESTABLECIMIENTO,ESTABLECIMIENTOS DE ALOJAMIENTO TURÍSTICO,HOTEL,ACTIVO,1
VICTORIA PLAZAS HOTEL,PEREIRA,ESTABLECIMIENTO,ESTABLECIMIENTOS DE ALOJAMIENTO TURÍSTICO,HOTEL,ACTIVO,1
HOTEL CERRITOS PLAZA,PEREIRA,ESTABLECIMIENTO,ESTABLECIMIENTOS DE ALOJAMIENTO TURÍSTICO,HOTEL,ACTIVO,1
HOTEL LA COMARCA,PEREIRA,ESTABLECIMIENTO,ESTABLECIMIENTOS DE ALOJAMIENTO TURÍSTICO,HOTEL,ACTIVO,1
BAYIT TOV CIRCUNVALAR HOTEL,PEREIRA,ESTABLECIMIENTO,ESTABLECIMIENTOS DE ALOJAMIENTO TURÍSTICO,HOTEL,ACTIVO,1
HOTEL ÁGATA - LODGING HOUSE PINARES ALTO,PEREIRA,ESTABLECIMIENTO,ESTABLECIMIENTOS DE ALOJAMIENTO TURÍSTICO,HOTEL,ACTIVO,1
JIMMYS POSADA HOTEL,PEREIRA,ESTABLECIMIENTO,ESTABLECIMIENTOS DE ALOJAMIENTO TURÍSTICO,HOTEL,ACTIVO,1
HOTEL LA FRESA,PEREIRA,ESTABLECIMIENTO,ESTABLECIMIENTOS DE ALOJAMIENTO TURÍSTICO,HOTEL,ACTIVO,1
HOSTAL LA MANZANA APPLE,PEREIRA,ESTABLECIMIENTO,ESTABLECIMIENTOS DE ALOJAMIENTO TURÍSTICO,HOSTAL,ACTIVO,1
CASA SAN CARLOS LODGE,PEREIRA,ESTABLECIMIENTO,ESTABLECIMIENTOS DE ALOJAMIENTO TURÍSTICO,HOTEL,ACTIVO,1
HOTEL BALCONES DEL LAGO PEREIRA,PEREIRA,ESTABLECIMIENTO,ESTABLECIMIENTOS DE ALOJAMIENTO TURÍSTICO,HOTEL,ACTIVO,1
HOTEL EXITO,PEREIRA,ESTABLECIMIENTO,ESTABLECIMIENTOS DE ALOJAMIENTO TURÍSTICO,HOTEL,ACTIVO,1
SIMON PLAZA HOTEL,PEREIRA,ESTABLECIMIENTO,ESTABLECIMIENTOS DE ALOJAMIENTO TURÍSTICO,HOTEL,ACTIVO,1
9/25 HOTEL,PEREIRA,ESTABLECIMIENTO,ESTABLECIMIENTOS DE ALOJAMIENTO TURÍSTICO,HOTEL,ACTIVO,1
PARCEROS GROUP,PEREIRA,ESTABLECIMIENTO,ESTABLECIMIENTOS DE ALOJAMIENTO TURÍSTICO,HOSTAL,ACTIVO,1
HOTEL EL ENCANTO LLANERO,PEREIRA,ESTABLECIMIENTO,ESTABLECIMIENTOS DE ALOJAMIENTO TURÍSTICO,HOTEL,ACTIVO,1
HOTEL CUBAPLAZA,PEREIRA,ESTABLECIMIENTO,ESTABLECIMIENTOS DE ALOJAMIENTO TURÍSTICO,HOTEL,ACTIVO,1
SYVANNA HOTEL,PEREIRA,ESTABLECIMIENTO,ESTABLECIMIENTOS DE ALOJAMIENTO TURÍSTICO,HOTEL,ACTIVO,1
HOTEL LA 29,PEREIRA,ESTABLECIMIENTO,ESTABLECIMIENTOS DE ALOJAMIENTO TURÍSTICO,HOTEL,ACTIVO,1
HOTEL POLO,PEREIRA,ESTABLECIMIENTO,ESTABLECIMIENTOS DE ALOJAMIENTO TURÍSTICO,HOTEL,ACTIVO,1
HOTEL HACIENDA SAN JOSE SAS,PEREIRA,ESTABLECIMIENTO,ESTABLECIMIENTOS DE ALOJAMIENTO TURÍSTICO,HOTEL,ACTIVO,1
HOTEL OLIMPA,PEREIRA,ESTABLECIMIENTO,ESTABLECIMIENTOS DE ALOJAMIENTO TURÍSTICO,HOTEL,ACTIVO,1
SAN ANTONIO DEL CERRO BOUTIQUE HOTEL & SPA,PEREIRA,ESTABLECIMIENTO,ESTABLECIMIENTOS DE ALOJAMIENTO TURÍSTICO,HOTEL,ACTIVO,1
HOTEL DON QUIJOTE,PEREIRA,ESTABLECIMIENTO,ESTABLECIMIENTOS DE ALOJAMIENTO TURÍSTICO,HOTEL,ACTIVO,1
HOTEL J.J.C,PEREIRA,ESTABLECIMIENTO,ESTABLECIMIENTOS DE ALOJAMIENTO TURÍSTICO,HOTEL,ACTIVO,1
HOTEL CATALUÑA PEREIRA,PEREIRA,ESTABLECIMIENTO,ESTABLECIMIENTOS DE ALOJAMIENTO TURÍSTICO,HOTEL,ACTIVO,1
MH HOTELES PEREIRA,PEREIRA,ESTABLECIMIENTO,ESTABLECIMIENTOS DE ALOJAMIENTO TURÍSTICO,HOTEL,ACTIVO,1
HOTEL VICTORIA CUBA,PEREIRA,ESTABLECIMIENTO,ESTABLECIMIENTOS DE ALOJAMIENTO TURÍSTICO,HOTEL,ACTIVO,1
HOTEL SHALOM # 2,PEREIRA,ESTABLECIMIENTO,ESTABLECIMIENTOS DE ALOJAMIENTO TURÍSTICO,HOTEL,ACTIVO,1
HOTEL CÉSAR,PEREIRA,ESTABLECIMIENTO,ESTABLECIMIENTOS DE ALOJAMIENTO TURÍSTICO,HOTEL,ACTIVO,1
YELLOW HOTEL MARAYA,PEREIRA,ESTABLECIMIENTO,ESTABLECIMIENTOS DE ALOJAMIENTO TURÍSTICO,HOTEL,ACTIVO,1
HOTEL ARCO IRIS PEREIRA,PEREIRA,ESTABLECIMIENTO,ESTABLECIMIENTOS DE ALOJAMIENTO TURÍSTICO,HOTEL,ACTIVO,1
CAFETTO HOTEL,PEREIRA,ESTABLECIMIENTO,ESTABLECIMIENTOS DE ALOJAMIENTO TURÍSTICO,HOTEL,ACTIVO,1
HOTEL Y RESTAURANTE LAS PALMAS PEREIRA,PEREIRA,ESTABLECIMIENTO,ESTABLECIMIENTOS DE ALOJAMIENTO TURÍSTICO,HOTEL,ACTIVO,1
HOTEL SUEÑO DORADO,PEREIRA,ESTABLECIMIENTO,ESTABLECIMIENTOS DE ALOJAMIENTO TURÍSTICO,HOTEL,ACTIVO,1
HOTEL CENTRAL # 2,PEREIRA,ESTABLECIMIENTO,ESTABLECIMIENTOS DE ALOJAMIENTO TURÍSTICO,HOTEL,ACTIVO,1
HOTEL CERRITOS PEREIRA,PEREIRA,ESTABLECIMIENTO,ESTABLECIMIENTOS DE ALOJAMIENTO TURÍSTICO,HOTEL,ACTIVO,1
HOTEL SUITE CENTER PLATINO,PEREIRA,ESTABLECIMIENTO,ESTABLECIMIENTOS DE ALOJAMIENTO TURÍSTICO,HOTEL,ACTIVO,1
HOTEL SAN FERNANDO PEREIRA,PEREIRA,ESTABLECIMIENTO,ESTABLECIMIENTOS DE ALOJAMIENTO TURÍSTICO,HOSTAL,ACTIVO,1
HOTEL SANTA BARBARA,PEREIRA,ESTABLECIMIENTO,ESTABLECIMIENTOS DE ALOJAMIENTO TURÍSTICO,HOTEL,ACTIVO,1
HOTEL YADANI,PEREIRA,ESTABLECIMIENTO,ESTABLECIMIENTOS DE ALOJAMIENTO TURÍSTICO,HOTEL,ACTIVO,1
HOTEL OLAYA PLAZA PEREIRA,PEREIRA,ESTABLECIMIENTO,ESTABLECIMIENTOS DE ALOJAMIENTO TURÍSTICO,HOTEL,ACTIVO,1
PARQUEADERO Y HOSPEDAJE EL TERMINAL,PEREIRA,ESTABLECIMIENTO,ESTABLECIMIENTOS DE ALOJAMIENTO TURÍSTICO,HOTEL,ACTIVO,1
HOTEL ASTORIAS,PEREIRA,ESTABLECIMIENTO,ESTABLECIMIENTOS DE ALOJAMIENTO TURÍSTICO,HOTEL,ACTIVO,1
SAZAGUA OPERTURISTICO S.A.S.,PEREIRA,ESTABLECIMIENTO,ESTABLECIMIENTOS DE ALOJAMIENTO TURÍSTICO,HOTEL,ACTIVO,1
HOTEL LA DIEZ,PEREIRA,ESTABLECIMIENTO,ESTABLECIMIENTOS DE ALOJAMIENTO TURÍSTICO,HOTEL,ACTIVO,1
HOTEL CAFEIRA,PEREIRA,ESTABLECIMIENTO,ESTABLECIMIENTOS DE ALOJAMIENTO TURÍSTICO,HOTEL,ACTIVO,1
KOLIBRI HOSTEL,PEREIRA,ESTABLECIMIENTO,ESTABLECIMIENTOS DE ALOJAMIENTO TURÍSTICO,HOSTAL,ACTIVO,1
HOTEL ZANDÚ,PEREIRA,ESTABLECIMIENTO,ESTABLECIMIENTOS DE ALOJAMIENTO TURÍSTICO,HOTEL,ACTIVO,1
HOTEL LUJAN,PEREIRA,ESTABLECIMIENTO,ESTABLECIMIENTOS DE ALOJAMIENTO TURÍSTICO,HOTEL,ACTIVO,1
HOTEL AVENIDA CIRCUNVALAR,PEREIRA,ESTABLECIMIENTO,ESTABLECIMIENTOS DE ALOJAMIENTO TURÍSTICO,HOTEL,ACTIVO,1
HOTEL SANTIAGO PEREIRA,PEREIRA,ESTABLECIMIENTO,ESTABLECIMIENTOS DE ALOJAMIENTO TURÍSTICO,HOTEL,ACTIVO,1
VISUS HOTEL BOUTIQUE,PEREIRA,ESTABLECIMIENTO,ESTABLECIMIENTOS DE ALOJAMIENTO TURÍSTICO,HOTEL,ACTIVO,1
SANTUARIO DE FAUNA Y FLORA OTUN QUIMBAYA,PEREIRA,ESTABLECIMIENTO,ESTABLECIMIENTOS DE ALOJAMIENTO TURÍSTICO,HOTEL,ACTIVO,1
HOTEL VIADUCTO PLAZA,PEREIRA,ESTABLECIMIENTO,ESTABLECIMIENTOS DE ALOJAMIENTO TURÍSTICO,HOTEL,ACTIVO,1
HOTEL LA SIRENA,PEREIRA,ESTABLECIMIENTO,ESTABLECIMIENTOS DE ALOJAMIENTO TURÍSTICO,HOTEL,ACTIVO,1
HOTEL CENTRO,PEREIRA,ESTABLECIMIENTO,ESTABLECIMIENTOS DE ALOJAMIENTO TURÍSTICO,HOTEL,ACTIVO,1
HOTEL DON ALFONSO,PEREIRA,ESTABLECIMIENTO,ESTABLECIMIENTOS DE ALOJAMIENTO TURÍSTICO,HOTEL,ACTIVO,1
HOTEL CAFELIA,PEREIRA,ESTABLECIMIENTO,ESTABLECIMIENTOS DE ALOJAMIENTO TURÍSTICO,APARTAHOTEL,ACTIVO,1
MONTEROSA APARTAMENTOS AMOBLADOS,PEREIRA,ESTABLECIMIENTO,ESTABLECIMIENTOS DE ALOJAMIENTO TURÍSTICO,APARTAHOTEL,ACTIVO,1
ZI ONE LUXURY HOTEL,PEREIRA,ESTABLECIMIENTO,ESTABLECIMIENTOS DE ALOJAMIENTO TURÍSTICO,HOTEL,ACTIVO,1
SUEÑO DEL CAFE,PEREIRA,ESTABLECIMIENTO,ESTABLECIMIENTOS DE ALOJAMIENTO TURÍSTICO,HOTEL,ACTIVO,1
HOTEL SAN TELMO DE PEREIRA,PEREIRA,ESTABLECIMIENTO,ESTABLECIMIENTOS DE ALOJAMIENTO TURÍSTICO,HOTEL,ACTIVO,1
HOTEL LA OCTAVA,PEREIRA,ESTABLECIMIENTO,ESTABLECIMIENTOS DE ALOJAMIENTO TURÍSTICO,HOTEL,ACTIVO,1
APARTA HOTEL MIRADOR DEL PARQUE,PEREIRA,ESTABLECIMIENTO,ESTABLECIMIENTOS DE ALOJAMIENTO TURÍSTICO,HOTEL,ACTIVO,1
SAN SIMON HOTEL BOUTIQUE,PEREIRA,ESTABLECIMIENTO,ESTABLECIMIENTOS DE ALOJAMIENTO TURÍSTICO,HOTEL,ACTIVO,1
HOTEL PINARES PLAZA,PEREIRA,ESTABLECIMIENTO,ESTABLECIMIENTOS DE ALOJAMIENTO TURÍSTICO,HOTEL,ACTIVO,1
HOTEL CONFORT CUBA,PEREIRA,ESTABLECIMIENTO,ESTABLECIMIENTOS DE ALOJAMIENTO TURÍSTICO,HOTEL,ACTIVO,1
HOTEL VICTORIA PEREIRA,PEREIRA,ESTABLECIMIENTO,ESTABLECIMIENTOS DE ALOJAMIENTO TURÍSTICO,HOTEL,ACTIVO,1
HOTEL ESTRELLA DORADA,PEREIRA,ESTABLECIMIENTO,ESTABLECIMIENTOS DE ALOJAMIENTO TURÍSTICO,HOTEL,ACTIVO,1
HOTEL IMPERIO REAL PEREIRA,PEREIRA,ESTABLECIMIENTO,ESTABLECIMIENTOS DE ALOJAMIENTO TURÍSTICO,HOTEL,ACTIVO,1
HOTEL EL NILO,PEREIRA,ESTABLECIMIENTO,ESTABLECIMIENTOS DE ALOJAMIENTO TURÍSTICO,HOTEL,ACTIVO,1
HOTEL CONSOTA,PEREIRA,ESTABLECIMIENTO,ESTABLECIMIENTOS DE ALOJAMIENTO TURÍSTICO,HOTEL,ACTIVO,1
HOTEL CABANA PEREIRA,PEREIRA,ESTABLECIMIENTO,ESTABLECIMIENTOS DE ALOJAMIENTO TURÍSTICO,HOTEL,ACTIVO,1
HOTEL MIRADOR PLAZA,PEREIRA,ESTABLECIMIENTO,ESTABLECIMIENTOS DE ALOJAMIENTO TURÍSTICO,HOTEL,ACTIVO,1
HOTEL LA SEXTA DEL LAGO,PEREIRA,ESTABLECIMIENTO,ESTABLECIMIENTOS DE ALOJAMIENTO TURÍSTICO,HOTEL,ACTIVO,1
HOTEL RUBI,PEREIRA,ESTABLECIMIENTO,ESTABLECIMIENTOS DE ALOJAMIENTO TURÍSTICO,HOTEL,ACTIVO,1
APARTA HOTEL HABITAT,PEREIRA,ESTABLECIMIENTO,ESTABLECIMIENTOS DE ALOJAMIENTO TURÍSTICO,APARTAHOTEL,ACTIVO,1
HOTEL PLAZA REAL-EJE CAFETERO,PEREIRA,ESTABLECIMIENTO,ESTABLECIMIENTOS DE ALOJAMIENTO TURÍSTICO,HOTEL,ACTIVO,1
HOTEL EL CUBANO,PEREIRA,ESTABLECIMIENTO,ESTABLECIMIENTOS DE ALOJAMIENTO TURÍSTICO,HOTEL,ACTIVO,1
HOTEL DEL CAFE PEREIRA,PEREIRA,ESTABLECIMIENTO,ESTABLECIMIENTOS DE ALOJAMIENTO TURÍSTICO,HOTEL,ACTIVO,1
HOTEL PARIS DEL CAFE,PEREIRA,ESTABLECIMIENTO,ESTABLECIMIENTOS DE ALOJAMIENTO TURÍSTICO,HOTEL,ACTIVO,1
HOTEL LA POSADA DE DON QUIJOTE,PEREIRA,ESTABLECIMIENTO,ESTABLECIMIENTOS DE ALOJAMIENTO TURÍSTICO,HOTEL,ACTIVO,1
SUITE AMERICANO HOTEL,PEREIRA,ESTABLECIMIENTO,ESTABLECIMIENTOS DE ALOJAMIENTO TURÍSTICO,HOTEL,ACTIVO,1
HOTEL AMERICANO CENTER,PEREIRA,ESTABLECIMIENTO,ESTABLECIMIENTOS DE ALOJAMIENTO TURÍSTICO,HOTEL,ACTIVO,1
HOTEL ABADIA PLAZA,PEREIRA,ESTABLECIMIENTO,ESTABLECIMIENTOS DE ALOJAMIENTO TURÍSTICO,HOTEL,ACTIVO,1
APARTAHOTEL SAN JUAN DEL LAGO,PEREIRA,ESTABLECIMIENTO,ESTABLECIMIENTOS DE ALOJAMIENTO TURÍSTICO,APARTAHOTEL,ACTIVO,1
HOTEL LOS BALCONES DE PEREIRA,PEREIRA,ESTABLECIMIENTO,ESTABLECIMIENTOS DE ALOJAMIENTO TURÍSTICO,HOTEL,ACTIVO,1
HOTEL EL LAGO # 2,PEREIRA,ESTABLECIMIENTO,ESTABLECIMIENTOS DE ALOJAMIENTO TURÍSTICO,HOTEL,ACTIVO,1
ALOJAMIENTO PARQUE CONSOTÁ,PEREIRA,ESTABLECIMIENTO,ESTABLECIMIENTOS DE ALOJAMIENTO TURÍSTICO,CENTRO VACACIONAL,ACTIVO,1
HOTEL MILAN DE PEREIRA,PEREIRA,ESTABLECIMIENTO,ESTABLECIMIENTOS DE ALOJAMIENTO TURÍSTICO,HOTEL,ACTIVO,1
HOTEL EMPRESARIAL,PEREIRA,ESTABLECIMIENTO,ESTABLECIMIENTOS DE ALOJAMIENTO TURÍSTICO,HOTEL,ACTIVO,1
HOTEL CASAGRANDE,PEREIRA,ESTABLECIMIENTO,ESTABLECIMIENTOS DE ALOJAMIENTO TURÍSTICO,HOTEL,ACTIVO,1
HOTEL AMERICANO PLUS,PEREIRA,ESTABLECIMIENTO,ESTABLECIMIENTOS DE ALOJAMIENTO TURÍSTICO,HOTEL,ACTIVO,1
HOTEL CALYPSO PEREIRA,PEREIRA,ESTABLECIMIENTO,ESTABLECIMIENTOS DE ALOJAMIENTO TURÍSTICO,HOTEL,ACTIVO,1
HOTEL COLONIAL DEL OTUN,PEREIRA,ESTABLECIMIENTO,ESTABLECIMIENTOS DE ALOJAMIENTO TURÍSTICO,HOTEL,ACTIVO,1
HOTEL LA CALERA,PEREIRA,ESTABLECIMIENTO,ESTABLECIMIENTOS DE ALOJAMIENTO TURÍSTICO,HOTEL,ACTIVO,1
HOTEL PEREIRA LAGO,PEREIRA,ESTABLECIMIENTO,ESTABLECIMIENTOS DE ALOJAMIENTO TURÍSTICO,HOTEL,ACTIVO,1
HOTEL LA 30,PEREIRA,ESTABLECIMIENTO,ESTABLECIMIENTOS DE ALOJAMIENTO TURÍSTICO,HOTEL,ACTIVO,1
HOTEL LOS CRISTALES,PEREIRA,ESTABLECIMIENTO,ESTABLECIMIENTOS DE ALOJAMIENTO TURÍSTICO,HOTEL,ACTIVO,1
HOTEL METRO,PEREIRA,ESTABLECIMIENTO,ESTABLECIMIENTOS DE ALOJAMIENTO TURÍSTICO,HOTEL,ACTIVO,1
HOTEL TUCAN,PEREIRA,ESTABLECIMIENTO,ESTABLECIMIENTOS DE ALOJAMIENTO TURÍSTICO,HOTEL,ACTIVO,1
HOTEL CASTILLA REAL,PEREIRA,ESTABLECIMIENTO,ESTABLECIMIENTOS DE ALOJAMIENTO TURÍSTICO,HOTEL,ACTIVO,1
HOTEL MI CASITA,PEREIRA,ESTABLECIMIENTO,ESTABLECIMIENTOS DE ALOJAMIENTO TURÍSTICO,HOTEL,ACTIVO,1
HOTEL LOS TUNJOS,PEREIRA,ESTABLECIMIENTO,ESTABLECIMIENTOS DE ALOJAMIENTO TURÍSTICO,HOTEL,ACTIVO,1
HOTEL COMERCIAL,PEREIRA,ESTABLECIMIENTO,ESTABLECIMIENTOS DE ALOJAMIENTO TURÍSTICO,HOTEL,ACTIVO,1
HOTEL TEQUENDAMA,PEREIRA,ESTABLECIMIENTO,ESTABLECIMIENTOS DE ALOJAMIENTO TURÍSTICO,HOTEL,ACTIVO,1
HOTEL SAN FERMIN LIMITADA,PEREIRA,ESTABLECIMIENTO,ESTABLECIMIENTOS DE ALOJAMIENTO TURÍSTICO,HOTEL,ACTIVO,1
HOTEL ROYAL,PEREIRA,ESTABLECIMIENTO,ESTABLECIMIENTOS DE ALOJAMIENTO TURÍSTICO,HOTEL,ACTIVO,1
HOTEL DE PEREIRA & CENTRO DE CONVENCIONES,PEREIRA,ESTABLECIMIENTO,ESTABLECIMIENTOS DE ALOJAMIENTO TURÍSTICO,HOTEL,ACTIVO,1
GRAN HOTEL,PEREIRA,ESTABLECIMIENTO,ESTABLECIMIENTOS DE ALOJAMIENTO TURÍSTICO,HOTEL,ACTIVO,1
HOTEL SORATAMA,PEREIRA,ESTABLECIMIENTO,ESTABLECIMIENTOS DE ALOJAMIENTO TURÍSTICO,HOTEL,ACTIVO,1
SANTANILLA ANDRADE MARIA CAMILA,PEREIRA,INMUEBLE,OTROS TIPOS DE HOSPEDAJE TURÍSTICOS NO PERMANENTES,OTROS TIPOS DE HOSPEDAJE TURÍSTICOS NO PERMANENTES,ACTIVO,1
ANDRES CAMILO MONTES RAMIREZ,PEREIRA,INMUEBLE,OTROS TIPOS DE HOSPEDAJE TURÍSTICOS NO PERMANENTES,OTROS TIPOS DE HOSPEDAJE TURÍSTICOS NO PERMANENTES,ACTIVO,1
ANDRES  OSSA CASTRILLON,PEREIRA,INMUEBLE,OTROS TIPOS DE HOSPEDAJE TURÍSTICOS NO PERMANENTES,OTROS TIPOS DE HOSPEDAJE TURÍSTICOS NO PERMANENTES,ACTIVO,1
ANDRES  OSSA CASTRILLON,PEREIRA,INMUEBLE,OTROS TIPOS DE HOSPEDAJE TURÍSTICOS NO PERMANENTES,OTROS TIPOS DE HOSPEDAJE TURÍSTICOS NO PERMANENTES,ACTIVO,1
QUICENO VELASCO MARIA OLGA LUCIA,PEREIRA,INMUEBLE,OTROS TIPOS DE HOSPEDAJE TURÍSTICOS NO PERMANENTES,OTROS TIPOS DE HOSPEDAJE TURÍSTICOS NO PERMANENTES,ACTIVO,1
ANA CAMILA PANTOJA CAICEDO,PEREIRA,INMUEBLE,OTROS TIPOS DE HOSPEDAJE TURÍSTICOS NO PERMANENTES,OTROS TIPOS DE HOSPEDAJE TURÍSTICOS NO PERMANENTES,ACTIVO,1
ALEJANDRO  MARTINEZ NOREÑA,PEREIRA,INMUEBLE,OTROS TIPOS DE HOSPEDAJE TURÍSTICOS NO PERMANENTES,OTROS TIPOS DE HOSPEDAJE TURÍSTICOS NO PERMANENTES,ACTIVO,1
HELORAN JULIETH CASTIBLANCO SANCHEZ,PEREIRA,INMUEBLE,OTROS TIPOS DE HOSPEDAJE TURÍSTICOS NO PERMANENTES,OTROS TIPOS DE HOSPEDAJE TURÍSTICOS NO PERMANENTES,ACTIVO,1
CRUZ MOTATO JAIBER HERNANDO,PEREIRA,INMUEBLE,OTROS TIPOS DE HOSPEDAJE TURÍSTICOS NO PERMANENTES,OTROS TIPOS DE HOSPEDAJE TURÍSTICOS NO PERMANENTES,ACTIVO,1
ANA CAMILA PANTOJA CAICEDO,PEREIRA,INMUEBLE,OTROS TIPOS DE HOSPEDAJE TURÍSTICOS NO PERMANENTES,OTROS TIPOS DE HOSPEDAJE TURÍSTICOS NO PERMANENTES,ACTIVO,1
LUZ MARY LONDOÑO BERNAL,PEREIRA,INMUEBLE,OTROS TIPOS DE HOSPEDAJE TURÍSTICOS NO PERMANENTES,OTROS TIPOS DE HOSPEDAJE TURÍSTICOS NO PERMANENTES,ACTIVO,1
OSCAR  MARTINEZ SOUSA,PEREIRA,INMUEBLE,OTROS TIPOS DE HOSPEDAJE TURÍSTICOS NO PERMANENTES,OTROS TIPOS DE HOSPEDAJE TURÍSTICOS NO PERMANENTES,ACTIVO,1
RAFAEL ALBERTO MEJIA LARGACHA,PEREIRA,INMUEBLE,OTROS TIPOS DE HOSPEDAJE TURÍSTICOS NO PERMANENTES,OTROS TIPOS DE HOSPEDAJE TURÍSTICOS NO PERMANENTES,ACTIVO,1
FERNANDO LUIS PULGARIN RESTREPO,PEREIRA,INMUEBLE,OTROS TIPOS DE HOSPEDAJE TURÍSTICOS NO PERMANENTES,OTROS TIPOS DE HOSPEDAJE TURÍSTICOS NO PERMANENTES,ACTIVO,1
FERNANDO LUIS PULGARIN RESTREPO,PEREIRA,INMUEBLE,OTROS TIPOS DE HOSPEDAJE TURÍSTICOS NO PERMANENTES,OTROS TIPOS DE HOSPEDAJE TURÍSTICOS NO PERMANENTES,ACTIVO,1
FERNANDO LUIS PULGARIN RESTREPO,PEREIRA,INMUEBLE,OTROS TIPOS DE HOSPEDAJE TURÍSTICOS NO PERMANENTES,OTROS TIPOS DE HOSPEDAJE TURÍSTICOS NO PERMANENTES,ACTIVO,1
EFRAIN SALVADOR DUQUE DUQUE,PEREIRA,INMUEBLE,OTROS TIPOS DE HOSPEDAJE TURÍSTICOS NO PERMANENTES,OTROS TIPOS DE HOSPEDAJE TURÍSTICOS NO PERMANENTES,ACTIVO,1
RAMIREZ VELASQUEZ MARTHA LILIANA,PEREIRA,INMUEBLE,OTROS TIPOS DE HOSPEDAJE TURÍSTICOS NO PERMANENTES,OTROS TIPOS DE HOSPEDAJE TURÍSTICOS NO PERMANENTES,ACTIVO,1
PATIÑO DE RODRIGUEZ BLANCA NIDIA,PEREIRA,INMUEBLE,OTROS TIPOS DE HOSPEDAJE TURÍSTICOS NO PERMANENTES,OTROS TIPOS DE HOSPEDAJE TURÍSTICOS NO PERMANENTES,ACTIVO,1
LUZ AMPARO RAMIREZ VELASQUEZ,PEREIRA,INMUEBLE,OTROS TIPOS DE HOSPEDAJE TURÍSTICOS NO PERMANENTES,OTROS TIPOS DE HOSPEDAJE TURÍSTICOS NO PERMANENTES,ACTIVO,1
JHON JAIRO AGUDELO,PEREIRA,INMUEBLE,OTROS TIPOS DE HOSPEDAJE TURÍSTICOS NO PERMANENTES,OTROS TIPOS DE HOSPEDAJE TURÍSTICOS NO PERMANENTES,ACTIVO,1
CASTRILLON LADINO LUZ DARY DE JESUS,PEREIRA,INMUEBLE,OTROS TIPOS DE HOSPEDAJE TURÍSTICOS NO PERMANENTES,OTROS TIPOS DE HOSPEDAJE TURÍSTICOS NO PERMANENTES,ACTIVO,1
ECHEVERRI ARIAS JOSE FERNANDO,PEREIRA,INMUEBLE,OTROS TIPOS DE HOSPEDAJE TURÍSTICOS NO PERMANENTES,OTROS TIPOS DE HOSPEDAJE TURÍSTICOS NO PERMANENTES,ACTIVO,1
HOTEL CAMPESTRE LA PRIMAVERA,PEREIRA,ESTABLECIMIENTO,VIVIENDAS TURÍSTICAS,FINCAS TURISTICAS (ALOJAMIENTO RURAL),ACTIVO,1
LENIS ORREGO LUIS EDUARDO,PEREIRA,INMUEBLE,VIVIENDAS TURÍSTICAS,FINCAS TURISTICAS (ALOJAMIENTO RURAL),ACTIVO,1
DENIR  RODAS GOMEZ,PEREIRA,INMUEBLE,VIVIENDAS TURÍSTICAS,FINCAS TURISTICAS (ALOJAMIENTO RURAL),ACTIVO,1
ALOJAMIENTO ECOPARADISE,PEREIRA,ESTABLECIMIENTO,VIVIENDAS TURÍSTICAS,FINCAS TURISTICAS (ALOJAMIENTO RURAL),ACTIVO,1
FINCA LA MORABIA,PEREIRA,ESTABLECIMIENTO,VIVIENDAS TURÍSTICAS,FINCAS TURISTICAS (ALOJAMIENTO RURAL),ACTIVO,1
FUNDACION AMENAR AMBIENTE EN ARMONIA,PEREIRA,INMUEBLE,VIVIENDAS TURÍSTICAS,FINCAS TURISTICAS (ALOJAMIENTO RURAL),ACTIVO,1
SANDRA MILENA MOSQUERA DIEZ,PEREIRA,INMUEBLE,VIVIENDAS TURÍSTICAS,FINCAS TURISTICAS (ALOJAMIENTO RURAL),ACTIVO,1
MARTA ELENA GARAVITO OSORIO,PEREIRA,INMUEBLE,VIVIENDAS TURÍSTICAS,FINCAS TURISTICAS (ALOJAMIENTO RURAL),ACTIVO,1
VILLA SERNA EDUARDO,PEREIRA,INMUEBLE,VIVIENDAS TURÍSTICAS,FINCAS TURISTICAS (ALOJAMIENTO RURAL),ACTIVO,1
FINCA CASA BLANCA MORELIA,PEREIRA,ESTABLECIMIENTO,VIVIENDAS TURÍSTICAS,FINCAS TURISTICAS (ALOJAMIENTO RURAL),ACTIVO,1
HACIENDA CHAPINERO,PEREIRA,ESTABLECIMIENTO,VIVIENDAS TURÍSTICAS,FINCAS TURISTICAS (ALOJAMIENTO RURAL),ACTIVO,1
MIRADOR AGROECOLOGICO Y TECNOLOGICO DE RISARALDA - MAR T,PEREIRA,ESTABLECIMIENTO,VIVIENDAS TURÍSTICAS,FINCAS TURISTICAS (ALOJAMIENTO RURAL),ACTIVO,1
VALLEJO MAZUERA ALFREDO,PEREIRA,INMUEBLE,VIVIENDAS TURÍSTICAS,FINCAS TURISTICAS (ALOJAMIENTO RURAL),ACTIVO,1
VALLEJO MAZUERA ALFREDO,PEREIRA,INMUEBLE,VIVIENDAS TURÍSTICAS,FINCAS TURISTICAS (ALOJAMIENTO RURAL),ACTIVO,1
VALLEJO MAZUERA ALFREDO,PEREIRA,INMUEBLE,VIVIENDAS TURÍSTICAS,FINCAS TURISTICAS (ALOJAMIENTO RURAL),ACTIVO,1
VALLEJO MAZUERA ALFREDO,PEREIRA,INMUEBLE,VIVIENDAS TURÍSTICAS,FINCAS TURISTICAS (ALOJAMIENTO RURAL),ACTIVO,1
AURELIO  LOPEZ VALENCIA,PEREIRA,INMUEBLE,VIVIENDAS TURÍSTICAS,OTROS TIPOS DE VIVIENDA TURÍSTICA,ACTIVO,1
LA KUMBRE,PEREIRA,ESTABLECIMIENTO,VIVIENDAS TURÍSTICAS,FINCAS TURISTICAS (ALOJAMIENTO RURAL),ACTIVO,1
HOTEL CAMPESTRE LA MARGARITA,PEREIRA,ESTABLECIMIENTO,VIVIENDAS TURÍSTICAS,FINCAS TURISTICAS (ALOJAMIENTO RURAL),ACTIVO,1
FABIOLA  MONTOYA RIOS,PEREIRA,INMUEBLE,VIVIENDAS TURÍSTICAS,OTROS TIPOS DE VIVIENDA TURÍSTICA,ACTIVO,1
MARIANA  MARULANDA GUTIERREZ,PEREIRA,INMUEBLE,VIVIENDAS TURÍSTICAS,OTROS TIPOS DE VIVIENDA TURÍSTICA,ACTIVO,1
SALAS PALACIO CARMEN ELENA,PEREIRA,INMUEBLE,VIVIENDAS TURÍSTICAS,FINCAS TURISTICAS (ALOJAMIENTO RURAL),ACTIVO,1
ADRIANA PATRICIA OSPINA LOPEZ,PEREIRA,INMUEBLE,VIVIENDAS TURÍSTICAS,FINCAS TURISTICAS (ALOJAMIENTO RURAL),ACTIVO,1
SALAZAR ALZATE MARIA DOLY,PEREIRA,INMUEBLE,VIVIENDAS TURÍSTICAS,FINCAS TURISTICAS (ALOJAMIENTO RURAL),ACTIVO,1
EL PARAÍSO COMBIA,PEREIRA,ESTABLECIMIENTO,VIVIENDAS TURÍSTICAS,FINCAS TURISTICAS (ALOJAMIENTO RURAL),ACTIVO,1
DANIELA  GARCIA VALENCIA,PEREIRA,INMUEBLE,VIVIENDAS TURÍSTICAS,FINCAS TURISTICAS (ALOJAMIENTO RURAL),ACTIVO,1
KALEJ S.A.S,PEREIRA,ESTABLECIMIENTO,VIVIENDAS TURÍSTICAS,FINCAS TURISTICAS (ALOJAMIENTO RURAL),ACTIVO,1
LUISA  FERNANDA RICO CARRISOZA,PEREIRA,INMUEBLE,VIVIENDAS TURÍSTICAS,FINCAS TURISTICAS (ALOJAMIENTO RURAL),ACTIVO,1
ABU DABI RESTAURANTE MIRADOR,PEREIRA,ESTABLECIMIENTO,VIVIENDAS TURÍSTICAS,FINCAS TURISTICAS (ALOJAMIENTO RURAL),ACTIVO,1
CORTES  BRIDGETT SORAYA,PEREIRA,INMUEBLE,VIVIENDAS TURÍSTICAS,FINCAS TURISTICAS (ALOJAMIENTO RURAL),ACTIVO,1
RESERVA ECOLOGICA EL AGUACATE,PEREIRA,ESTABLECIMIENTO,VIVIENDAS TURÍSTICAS,FINCAS TURISTICAS (ALOJAMIENTO RURAL),ACTIVO,1
CESAR AUGUSTO FLOREZ CELIS,PEREIRA,INMUEBLE,VIVIENDAS TURÍSTICAS,FINCAS TURISTICAS (ALOJAMIENTO RURAL),ACTIVO,1
GO APARTALOFT,PEREIRA,ESTABLECIMIENTO,VIVIENDAS TURÍSTICAS,APARTAMENTO TURÍSTICO,ACTIVO,1
OSCAR  MARTINEZ SOUSA,PEREIRA,INMUEBLE,VIVIENDAS TURÍSTICAS,APARTAMENTO TURÍSTICO,ACTIVO,1
FINCA NARANJITOS,PEREIRA,ESTABLECIMIENTO,VIVIENDAS TURÍSTICAS,FINCAS TURISTICAS (ALOJAMIENTO RURAL),ACTIVO,1
LA UNION COFFEE FARM,PEREIRA,ESTABLECIMIENTO,VIVIENDAS TURÍSTICAS,FINCAS TURISTICAS (ALOJAMIENTO RURAL),ACTIVO,1
LA ACUARELA POSADA DE LA MONITA,PEREIRA,ESTABLECIMIENTO,VIVIENDAS TURÍSTICAS,FINCAS TURISTICAS (ALOJAMIENTO RURAL),ACTIVO,1
DANIELA  LOPEZ NAVARRO,PEREIRA,INMUEBLE,VIVIENDAS TURÍSTICAS,FINCAS TURISTICAS (ALOJAMIENTO RURAL),ACTIVO,1
ALOJAMIENTO EL OCASO,PEREIRA,ESTABLECIMIENTO,VIVIENDAS TURÍSTICAS,FINCAS TURISTICAS (ALOJAMIENTO RURAL),ACTIVO,1
FINCA VILLA SAN JORGE,PEREIRA,ESTABLECIMIENTO,VIVIENDAS TURÍSTICAS,FINCAS TURISTICAS (ALOJAMIENTO RURAL),ACTIVO,1
FUNDACIÓN CASA SANTA LUCIA,PEREIRA,ESTABLECIMIENTO,VIVIENDAS TURÍSTICAS,FINCAS TURISTICAS (ALOJAMIENTO RURAL),ACTIVO,1
ADRIANA  GUTIERREZ JARAMILLO,PEREIRA,INMUEBLE,VIVIENDAS TURÍSTICAS,FINCAS TURISTICAS (ALOJAMIENTO RURAL),ACTIVO,1
OTUN GASTRO PARK,PEREIRA,ESTABLECIMIENTO,VIVIENDAS TURÍSTICAS,FINCAS TURISTICAS (ALOJAMIENTO RURAL),ACTIVO,1
CRISTINA  MERCE VILAR,PEREIRA,INMUEBLE,VIVIENDAS TURÍSTICAS,FINCAS TURISTICAS (ALOJAMIENTO RURAL),ACTIVO,1
KRISTIAAN RICHARD E LAUWERS,PEREIRA,INMUEBLE,VIVIENDAS TURÍSTICAS,FINCAS TURISTICAS (ALOJAMIENTO RURAL),ACTIVO,1
DIEGO JESUS CARDONA OCAMPO,PEREIRA,INMUEBLE,VIVIENDAS TURÍSTICAS,FINCAS TURISTICAS (ALOJAMIENTO RURAL),ACTIVO,1
CASA DE CAMPO ESTRELLA DE LA MAÑANA,PEREIRA,ESTABLECIMIENTO,VIVIENDAS TURÍSTICAS,OTROS TIPOS DE VIVIENDA TURÍSTICA,ACTIVO,1
ELLIOTT DEAN MICHAEL,PEREIRA,INMUEBLE,VIVIENDAS TURÍSTICAS,APARTAMENTO TURÍSTICO,ACTIVO,1
ELLIOTT DEAN MICHAEL,PEREIRA,INMUEBLE,VIVIENDAS TURÍSTICAS,APARTAMENTO TURÍSTICO,ACTIVO,1
CLAUDIA PATRICIA LONDOÑO GOMEZ,PEREIRA,INMUEBLE,VIVIENDAS TURÍSTICAS,FINCAS TURISTICAS (ALOJAMIENTO RURAL),ACTIVO,1
LINDA TATIANA HURTADO ARIAS,PEREIRA,INMUEBLE,VIVIENDAS TURÍSTICAS,APARTAMENTO TURÍSTICO,ACTIVO,1
FINCA EL PORFIN,PEREIRA,ESTABLECIMIENTO,VIVIENDAS TURÍSTICAS,FINCAS TURISTICAS (ALOJAMIENTO RURAL),ACTIVO,1
FINCA LOS ANGELES J & M,PEREIRA,ESTABLECIMIENTO,VIVIENDAS TURÍSTICAS,FINCAS TURISTICAS (ALOJAMIENTO RURAL),ACTIVO,1
RESERVA NATURAL GUADALUPE,PEREIRA,ESTABLECIMIENTO,VIVIENDAS TURÍSTICAS,FINCAS TURISTICAS (ALOJAMIENTO RURAL),ACTIVO,1
LAURA DANIELA GALINDO SANCHEZ,PEREIRA,INMUEBLE,VIVIENDAS TURÍSTICAS,APARTAMENTO TURÍSTICO,ACTIVO,1
JUAN DAVID BETANCOURTH SALAZAR,PEREIRA,INMUEBLE,VIVIENDAS TURÍSTICAS,FINCAS TURISTICAS (ALOJAMIENTO RURAL),ACTIVO,1
EL SAMAN DE CERRITOS,PEREIRA,ESTABLECIMIENTO,VIVIENDAS TURÍSTICAS,FINCAS TURISTICAS (ALOJAMIENTO RURAL),ACTIVO,1
CRISTIAN DAVID ESCOBAR MARTINEZ,PEREIRA,INMUEBLE,VIVIENDAS TURÍSTICAS,FINCAS TURISTICAS (ALOJAMIENTO RURAL),ACTIVO,1
MYRIAN  GOMEZ ARANGO,PEREIRA,INMUEBLE,VIVIENDAS TURÍSTICAS,FINCAS TURISTICAS (ALOJAMIENTO RURAL),ACTIVO,1
INMOBILIARIA VITRUVIO S A S,PEREIRA,INMUEBLE,VIVIENDAS TURÍSTICAS,APARTAMENTO TURÍSTICO,ACTIVO,1
CASA DE CAMPO LA TIERRITA,PEREIRA,ESTABLECIMIENTO,VIVIENDAS TURÍSTICAS,FINCAS TURISTICAS (ALOJAMIENTO RURAL),ACTIVO,1
CASTRO MONTOYA CAROLINA,PEREIRA,INMUEBLE,VIVIENDAS TURÍSTICAS,APARTAMENTO TURÍSTICO,ACTIVO,1
JORGE EDUARDO PINEDA GOMEZ,PEREIRA,INMUEBLE,VIVIENDAS TURÍSTICAS,FINCAS TURISTICAS (ALOJAMIENTO RURAL),ACTIVO,1
CLAUDIA HELENA TENA MEJIA,PEREIRA,INMUEBLE,VIVIENDAS TURÍSTICAS,FINCAS TURISTICAS (ALOJAMIENTO RURAL),ACTIVO,1
FINCA EL DIAMANTE,PEREIRA,ESTABLECIMIENTO,VIVIENDAS TURÍSTICAS,FINCAS TURISTICAS (ALOJAMIENTO RURAL),ACTIVO,1
RANCHO SAMAN,PEREIRA,ESTABLECIMIENTO,VIVIENDAS TURÍSTICAS,FINCAS TURISTICAS (ALOJAMIENTO RURAL),ACTIVO,1
ANA FELIZ CASTAÑO LOPEZ,PEREIRA,INMUEBLE,VIVIENDAS TURÍSTICAS,APARTAMENTO TURÍSTICO,ACTIVO,1
FINCA EL PARAISO RURAL,PEREIRA,ESTABLECIMIENTO,VIVIENDAS TURÍSTICAS,FINCAS TURISTICAS (ALOJAMIENTO RURAL),ACTIVO,1
JOAN SEBASTIAN JIMENEZ ALLAN,PEREIRA,INMUEBLE,VIVIENDAS TURÍSTICAS,APARTAMENTO TURÍSTICO,ACTIVO,1
OSPINA MONTOYA LUIS CRISTOBAL,PEREIRA,INMUEBLE,VIVIENDAS TURÍSTICAS,FINCAS TURISTICAS (ALOJAMIENTO RURAL),ACTIVO,1
RESTREPO RIOS CLAUDIA PATRICIA,PEREIRA,INMUEBLE,VIVIENDAS TURÍSTICAS,FINCAS TURISTICAS (ALOJAMIENTO RURAL),ACTIVO,1
HOSTAL VALLE DE LAS CAMELIAS,PEREIRA,ESTABLECIMIENTO,VIVIENDAS TURÍSTICAS,FINCAS TURISTICAS (ALOJAMIENTO RURAL),ACTIVO,1
HOSTAL LA MANZANA APPLE,PEREIRA,ESTABLECIMIENTO,VIVIENDAS TURÍSTICAS,OTROS TIPOS DE VIVIENDA TURÍSTICA,ACTIVO,1
JEISSON ALBERTO BARAJAS URREGO,PEREIRA,INMUEBLE,VIVIENDAS TURÍSTICAS,APARTAMENTO TURÍSTICO,ACTIVO,1
FINCA VILLAS DE SANJACOBO,PEREIRA,ESTABLECIMIENTO,VIVIENDAS TURÍSTICAS,FINCAS TURISTICAS (ALOJAMIENTO RURAL),ACTIVO,1
FINCA LA SOMBRA,PEREIRA,ESTABLECIMIENTO,VIVIENDAS TURÍSTICAS,FINCAS TURISTICAS (ALOJAMIENTO RURAL),ACTIVO,1
FINCA EL REPOSO,PEREIRA,INMUEBLE,VIVIENDAS TURÍSTICAS,FINCAS TURISTICAS (ALOJAMIENTO RURAL),ACTIVO,1
FINCA VILLA KATHERINE,PEREIRA,ESTABLECIMIENTO,VIVIENDAS TURÍSTICAS,FINCAS TURISTICAS (ALOJAMIENTO RURAL),ACTIVO,1
ALOJAMIENTO RURAL LOS ANGELES,PEREIRA,ESTABLECIMIENTO,VIVIENDAS TURÍSTICAS,FINCAS TURISTICAS (ALOJAMIENTO RURAL),ACTIVO,1
FINCA LA TOSCANA ALOJAMIENTO RURAL,PEREIRA,ESTABLECIMIENTO,VIVIENDAS TURÍSTICAS,FINCAS TURISTICAS (ALOJAMIENTO RURAL),ACTIVO,1
FINCA VILLA MADRID,PEREIRA,ESTABLECIMIENTO,VIVIENDAS TURÍSTICAS,FINCAS TURISTICAS (ALOJAMIENTO RURAL),ACTIVO,1
CENTRO DE VISITANTE LA PASTORA,PEREIRA,ESTABLECIMIENTO,VIVIENDAS TURÍSTICAS,FINCAS TURISTICAS (ALOJAMIENTO RURAL),ACTIVO,1
HOTEL CAMPESTRE YANUBA,PEREIRA,ESTABLECIMIENTO,VIVIENDAS TURÍSTICAS,FINCAS TURISTICAS (ALOJAMIENTO RURAL),ACTIVO,1
AMAZILIA HOTEL,PEREIRA,ESTABLECIMIENTO,VIVIENDAS TURÍSTICAS,FINCAS TURISTICAS (ALOJAMIENTO RURAL),ACTIVO,1
EL JARDÍN DE LOS COLIBRIES,PEREIRA,ESTABLECIMIENTO,VIVIENDAS TURÍSTICAS,FINCAS TURISTICAS (ALOJAMIENTO RURAL),ACTIVO,1
FINCA VILLA LA ISABELLA,PEREIRA,ESTABLECIMIENTO,VIVIENDAS TURÍSTICAS,FINCAS TURISTICAS (ALOJAMIENTO RURAL),ACTIVO,1
ECOHOTEL SHALOM,PEREIRA,ESTABLECIMIENTO,VIVIENDAS TURÍSTICAS,FINCAS TURISTICAS (ALOJAMIENTO RURAL),ACTIVO,1
SANTA MARIA BED AND BREAKFAST,PEREIRA,INMUEBLE,VIVIENDAS TURÍSTICAS,FINCAS TURISTICAS (ALOJAMIENTO RURAL),ACTIVO,1
FINCA HOTEL CAPRI,PEREIRA,ESTABLECIMIENTO,VIVIENDAS TURÍSTICAS,FINCAS TURISTICAS (ALOJAMIENTO RURAL),ACTIVO,1
FINCA VILLA JULIANA COMBIA,PEREIRA,ESTABLECIMIENTO,VIVIENDAS TURÍSTICAS,OTROS TIPOS DE VIVIENDA TURÍSTICA,ACTIVO,1
FINCA VILLA ANDREA MORELIA,PEREIRA,ESTABLECIMIENTO,VIVIENDAS TURÍSTICAS,FINCAS TURISTICAS (ALOJAMIENTO RURAL),ACTIVO,1
CASA CAMPESTRE MONTERREY,PEREIRA,ESTABLECIMIENTO,VIVIENDAS TURÍSTICAS,FINCAS TURISTICAS (ALOJAMIENTO RURAL),ACTIVO,1
FINCA HOTEL YERBABUENA,PEREIRA,ESTABLECIMIENTO,VIVIENDAS TURÍSTICAS,FINCAS TURISTICAS (ALOJAMIENTO RURAL),ACTIVO,1
COTINGA HOTEL SPA,PEREIRA,INMUEBLE,VIVIENDAS TURÍSTICAS,FINCAS TURISTICAS (ALOJAMIENTO RURAL),ACTIVO,1
EL LUGAR,PEREIRA,ESTABLECIMIENTO,VIVIENDAS TURÍSTICAS,FINCAS TURISTICAS (ALOJAMIENTO RURAL),ACTIVO,1
FINCA LA RIVERA,PEREIRA,ESTABLECIMIENTO,VIVIENDAS TURÍSTICAS,FINCAS TURISTICAS (ALOJAMIENTO RURAL),ACTIVO,1
FINCA ILUSIONES,PEREIRA,INMUEBLE,VIVIENDAS TURÍSTICAS,FINCAS TURISTICAS (ALOJAMIENTO RURAL),ACTIVO,1
EL DESCANSO DEL DUQUE,PEREIRA,ESTABLECIMIENTO,VIVIENDAS TURÍSTICAS,FINCAS TURISTICAS (ALOJAMIENTO RURAL),ACTIVO,1
FINCA MONTERREY UN SUEÑO HECHO REALIDAD,PEREIRA,ESTABLECIMIENTO,VIVIENDAS TURÍSTICAS,FINCAS TURISTICAS (ALOJAMIENTO RURAL),ACTIVO,1
FINCA CAMPESTRE LA ROSITA PAQUETA,PEREIRA,INMUEBLE,VIVIENDAS TURÍSTICAS,FINCAS TURISTICAS (ALOJAMIENTO RURAL),ACTIVO,1
HOTEL CAMPESTRE VILLA JUANA,PEREIRA,ESTABLECIMIENTO,VIVIENDAS TURÍSTICAS,FINCAS TURISTICAS (ALOJAMIENTO RURAL),ACTIVO,1
FINCA EL ROSAL COMBIA,PEREIRA,ESTABLECIMIENTO,VIVIENDAS TURÍSTICAS,FINCAS TURISTICAS (ALOJAMIENTO RURAL),ACTIVO,1
FINCA VILLA DEL SOCORRO,PEREIRA,INMUEBLE,VIVIENDAS TURÍSTICAS,FINCAS TURISTICAS (ALOJAMIENTO RURAL),ACTIVO,1
LA VALENCIA,PEREIRA,ESTABLECIMIENTO,VIVIENDAS TURÍSTICAS,FINCAS TURISTICAS (ALOJAMIENTO RURAL),ACTIVO,1
FINCA MI TIERRICA,PEREIRA,ESTABLECIMIENTO,VIVIENDAS TURÍSTICAS,FINCAS TURISTICAS (ALOJAMIENTO RURAL),ACTIVO,1
EL REFUGIO DE BALSORA,PEREIRA,ESTABLECIMIENTO,VIVIENDAS TURÍSTICAS,FINCAS TURISTICAS (ALOJAMIENTO RURAL),ACTIVO,1
ANDALUCIA FINCA HOTEL,PEREIRA,INMUEBLE,VIVIENDAS TURÍSTICAS,FINCAS TURISTICAS (ALOJAMIENTO RURAL),ACTIVO,1
TURISTICAS EL TANGO,PEREIRA,ESTABLECIMIENTO,VIVIENDAS TURÍSTICAS,FINCAS TURISTICAS (ALOJAMIENTO RURAL),ACTIVO,1
SEDE RECREACIONAL LOS ALAMOS,PEREIRA,ESTABLECIMIENTO,VIVIENDAS TURÍSTICAS,FINCAS TURISTICAS (ALOJAMIENTO RURAL),ACTIVO,1
ESTANCIA EL CANEY,PEREIRA,ESTABLECIMIENTO,VIVIENDAS TURÍSTICAS,FINCAS TURISTICAS (ALOJAMIENTO RURAL),ACTIVO,1
LA SELECTA ECO HOTEL,PEREIRA,ESTABLECIMIENTO,VIVIENDAS TURÍSTICAS,FINCAS TURISTICAS (ALOJAMIENTO RURAL),ACTIVO,1
FINCA HOTEL LA COLINA,PEREIRA,ESTABLECIMIENTO,VIVIENDAS TURÍSTICAS,FINCAS TURISTICAS (ALOJAMIENTO RURAL),ACTIVO,1
DAVID`S TURISMO RURAL FINCA EL AMPARO,PEREIRA,ESTABLECIMIENTO,VIVIENDAS TURÍSTICAS,FINCAS TURISTICAS (ALOJAMIENTO RURAL),ACTIVO,1
FINCA LOS ALCAZARES,PEREIRA,ESTABLECIMIENTO,VIVIENDAS TURÍSTICAS,FINCAS TURISTICAS (ALOJAMIENTO RURAL),ACTIVO,1
ECOHOTEL LA CASONA,PEREIRA,ESTABLECIMIENTO,VIVIENDAS TURÍSTICAS,FINCAS TURISTICAS (ALOJAMIENTO RURAL),ACTIVO,1
PRESTO PEI UNICENTRO,PEREIRA,ESTABLECIMIENTO,ESTABLECIMIENTO DE GASTRONOMÍA,RESTAURANTE,ACTIVO,1
PIN BAR,PEREIRA,ESTABLECIMIENTO,BARES,GASTROBARES,ACTIVO,1
RESTAURANTE BAR BRISAS DEL RIO APIA,PEREIRA,ESTABLECIMIENTO,ESTABLECIMIENTO DE GASTRONOMÍA,RESTAURANTE,ACTIVO,1
MC DONALD`S CIRCUNVALAR PEREIRA,PEREIRA,ESTABLECIMIENTO,ESTABLECIMIENTO DE GASTRONOMÍA,RESTAURANTE DE COMIDA RÁPIDA,ACTIVO,1
MC DONALD`S ARBOLEDA,PEREIRA,ESTABLECIMIENTO,ESTABLECIMIENTO DE GASTRONOMÍA,RESTAURANTE DE COMIDA RÁPIDA,ACTIVO,1
RESTAURANTE BAR BRISAS DEL RIO APIA,PEREIRA,ESTABLECIMIENTO,ESTABLECIMIENTO DE GASTRONOMÍA,RESTAURANTE,ACTIVO,1
HAMBURGUESAS EL CORRAL SUCURSAL PARQUE ARBOLEDA,PEREIRA,ESTABLECIMIENTO,ESTABLECIMIENTO DE GASTRONOMÍA,RESTAURANTE,ACTIVO,1
FRISBY G83,PEREIRA,ESTABLECIMIENTO,ESTABLECIMIENTO DE GASTRONOMÍA,RESTAURANTE,ACTIVO,1
SAYONARA N. 6 ARBOLEDA,PEREIRA,ESTABLECIMIENTO,ESTABLECIMIENTO DE GASTRONOMÍA,RESTAURANTE DE AUTOSERVICIO,ACTIVO,1
SAYONARA NO. 4 PEREIRA PLAZA,PEREIRA,ESTABLECIMIENTO,ESTABLECIMIENTO DE GASTRONOMÍA,RESTAURANTE DE AUTOSERVICIO,ACTIVO,1
FRISBY G90,PEREIRA,ESTABLECIMIENTO,ESTABLECIMIENTO DE GASTRONOMÍA,RESTAURANTE,ACTIVO,1
SAYONARA NO. 3 VICTORIA,PEREIRA,ESTABLECIMIENTO,ESTABLECIMIENTO DE GASTRONOMÍA,RESTAURANTE DE COMIDA RÁPIDA,ACTIVO,1
LA BODEGA BBC ARBOLEDA,PEREIRA,ESTABLECIMIENTO,BARES,GASTROBARES,ACTIVO,1
PASTELERIA LUCERNA UNICENTRO,PEREIRA,ESTABLECIMIENTO,ESTABLECIMIENTO DE GASTRONOMÍA,RESTAURANTE,ACTIVO,1
FRISBY NO.40,PEREIRA,ESTABLECIMIENTO,ESTABLECIMIENTO DE GASTRONOMÍA,RESTAURANTE,ACTIVO,1
PASTELERIA LUCERNA,PEREIRA,ESTABLECIMIENTO,ESTABLECIMIENTO DE GASTRONOMÍA,RESTAURANTE,ACTIVO,1
WINGZ,PEREIRA,ESTABLECIMIENTO,ESTABLECIMIENTO DE GASTRONOMÍA,RESTAURANTE,ACTIVO,1
KOKORIKO PEREIRA EL LAGO,PEREIRA,ESTABLECIMIENTO,ESTABLECIMIENTO DE GASTRONOMÍA,RESTAURANTE,ACTIVO,1
FRISBY Q48,PEREIRA,ESTABLECIMIENTO,ESTABLECIMIENTO DE GASTRONOMÍA,RESTAURANTE DE AUTOSERVICIO,ACTIVO,1
FRISBY ARBOLEDA,PEREIRA,ESTABLECIMIENTO,ESTABLECIMIENTO DE GASTRONOMÍA,RESTAURANTE DE AUTOSERVICIO,ACTIVO,1
DON JEDIONDO SOPITAS Y PARRILLA S A S,PEREIRA,ESTABLECIMIENTO,ESTABLECIMIENTO DE GASTRONOMÍA,RESTAURANTE,ACTIVO,1
FRISBY NO.44,PEREIRA,ESTABLECIMIENTO,ESTABLECIMIENTO DE GASTRONOMÍA,RESTAURANTE,ACTIVO,1
FRISBY NO.1,PEREIRA,ESTABLECIMIENTO,ESTABLECIMIENTO DE GASTRONOMÍA,RESTAURANTE,ACTIVO,1
PIZZAS PICCOLO CIRCUNVALAR,PEREIRA,ESTABLECIMIENTO,ESTABLECIMIENTO DE GASTRONOMÍA,RESTAURANTE,ACTIVO,1
G GRAJALES AUTOSERVICIO PLAZA BOLIVAR,PEREIRA,ESTABLECIMIENTO,ESTABLECIMIENTO DE GASTRONOMÍA,RESTAURANTE DE AUTOSERVICIO,ACTIVO,1
G. GRAJALES AUTOSERVICIOS PRINCIPAL,PEREIRA,ESTABLECIMIENTO,ESTABLECIMIENTO DE GASTRONOMÍA,RESTAURANTE DE AUTOSERVICIO,ACTIVO,1
CASA LA 15,PEREIRA,ESTABLECIMIENTO,ESTABLECIMIENTOS DE ALOJAMIENTO TURÍSTICO,APARTAHOTEL,ACTIVO,1
RANCHO MAMÁ MARÍA,PEREIRA,ESTABLECIMIENTO,ESTABLECIMIENTOS DE ALOJAMIENTO TURÍSTICO,APARTAHOTEL,ACTIVO,1
APARTA-HOTEL LAS CAMELIAS,PEREIRA,ESTABLECIMIENTO,ESTABLECIMIENTOS DE ALOJAMIENTO TURÍSTICO,APARTAHOTEL,ACTIVO,1
NOGAL HOSTEL,PEREIRA,ESTABLECIMIENTO,ESTABLECIMIENTOS DE ALOJAMIENTO TURÍSTICO,APARTAHOTEL,ACTIVO,1
KAPITAL SUITES,PEREIRA,ESTABLECIMIENTO,ESTABLECIMIENTOS DE ALOJAMIENTO TURÍSTICO,APARTAHOTEL,ACTIVO,1
RESIDENCIA IMPERIAL,PEREIRA,ESTABLECIMIENTO,ESTABLECIMIENTOS DE ALOJAMIENTO TURÍSTICO,APARTAHOTEL,ACTIVO,1
HOTEL CAFELIA,PEREIRA,ESTABLECIMIENTO,ESTABLECIMIENTOS DE ALOJAMIENTO TURÍSTICO,APARTAHOTEL,ACTIVO,1
MONTEROSA APARTAMENTOS AMOBLADOS,PEREIRA,ESTABLECIMIENTO,ESTABLECIMIENTOS DE ALOJAMIENTO TURÍSTICO,APARTAHOTEL,ACTIVO,1
APARTA HOTEL HABITAT,PEREIRA,ESTABLECIMIENTO,ESTABLECIMIENTOS DE ALOJAMIENTO TURÍSTICO,APARTAHOTEL,ACTIVO,1
APARTAHOTEL SAN JUAN DEL LAGO,PEREIRA,ESTABLECIMIENTO,ESTABLECIMIENTOS DE ALOJAMIENTO TURÍSTICO,APARTAHOTEL,ACTIVO,1
